gene_id	gene_name	n_reactions	reaction_ids
g1	COBRAProtein1	20	rxn02185;rxn12192;rxnCL4;rxnCL10;rxn03194;rxn00011b;rxnBIOMASS;rxnCL5;rxn01265;rxnCL11;rxnEPSShmw;rxnCL6;rxnCL1;rxnCL7;rxn05294;rxn05145;rxnCL2;rxnCL8;rxnCL3;rxnCL9
g2	COBRAProtein2	11	rxn05116;rxn05319;rxnBLTPcpd00204;rxnBLTPcpd00047;rxn05667;rxn01208;rxn05467;rxnSymCof_c0;rxn02374;rxn05468;rxnBLTPcpd00029
g3	COBRAProtein3	87	rxn00022s;rxnPG6;rxn00549;rxn05147;rxn05039;rxn01331;rxn01176;rxn03150;rxnBLTPcpd00227;rxn05040;rxn08573;rxn03445;rxn00346;rxnGFTP9;rxn00048;rxnPG38;rxn00709;rxn01213;rxn02946;rxnBLTPcpd00138;rxn01790;rxn01466;rxnGFTPcpd00919;rxnLPS3;rxnBLTPcpd00128;rxnPG12;rxn02004;rxn00278;rxn02404;rxn05167;rxnBLTPcpd00149;rxn03087;rxn00966;rxnNAGALAMa;rxnTRE2;rxn05160;rxn00029;rxn01830;rxn13085;rxn03393;rxnPAL2;rxn03004;rxn01633;rxn03394;rxn05514;rxnBLTPcpd00207;rxnMALT2;rxn00979;rxnBLTPcpd00311;rxn00192;rxnPG18;rxn02304;rxnGFTPcpd00441;rxnBLTPcpd00851;rxnBLTPcpd00274;rxn11650;rxn05195;rxnGFTPcpd01078;rxnBLTPcpd02175;rxnBLTPcpd00182;rxn05150;rxnBLTPcpd05158;rxn02174;rxn02071;rxnBLTPcpd00246;rxnEPSS9;rxn02173;rxnGFTP5;rxnPG22;rxn01486;rxnRB7;rxn01609;rxn01748;rxn13799_e0;rxn00623;rxnTHIZsyn;rxn01257b;rxnRB5;rxnEPSG3;rxn03841;rxnEPSG4;rxnPG26;rxnNFBS1;rxn05651;rxn00300;rxn06033;rxn00416
g4	COBRAProtein4	1	rxn10114
g5	COBRAProtein5	1	rxn10114
g6	COBRAProtein6	1	rxn10114
g7	COBRAProtein7	1	rxn10114
g8	COBRAProtein8	1	rxn09244
g9	COBRAProtein9	1	rxn09244
g10	COBRAProtein10	1	rxn02569
g11	COBRAProtein11	1	rxn01121_c0
g12	COBRAProtein12	1	rxn01101
g13	COBRAProtein13	1	rxn00849
g14	COBRAProtein14	2	rxn08853;rxn10144
g15	COBRAProtein15	2	rxn08853;rxn10144
g16	COBRAProtein16	2	rxn08853;rxn10144
g17	COBRAProtein17	2	rxn08853;rxn10144
g18	COBRAProtein18	2	rxn08853;rxn10144
g19	COBRAProtein19	1	rxn13784
g20	COBRAProtein20	1	rxnMatB
g21	COBRAProtein21	2	rxn12569;rxn00174
g22	COBRAProtein22	1	rxn12569
g23	COBRAProtein23	1	rxn12569
g24	COBRAProtein24	1	rxnPolyPi1
g25	COBRAProtein25	1	rxn05147
g26	COBRAProtein26	2	rxn05147;rxn05549_c0
g27	COBRAProtein27	1	rxn05147
g28	COBRAProtein28	1	rxn05147
g29	COBRAProtein29	2	rxn01286_c0;rxn00506_c0
g30	COBRAProtein30	1	rxn00182
g31	COBRAProtein31	1	rxn00605_c0
g32	COBRAProtein32	1	rxn01477
g33	COBRAProtein33	1	rxn00509
g34	COBRAProtein34	1	rxn00763_c0
g35	COBRAProtein35	1	rxn05549_c0
g36	COBRAProtein36	1	rxn05549_c0
g37	COBRAProtein37	3	rxn02320;rxn00493;rxn00527
g38	COBRAProtein38	1	rxn01101
g39	COBRAProtein39	2	rxn03953_c0;rxn03954_c0
g40	COBRAProtein40	1	rxnGFTPcpd00209
g41	COBRAProtein41	1	rxnGFTPcpd00209
g42	COBRAProtein42	1	rxnGFTPcpd00209
g43	COBRAProtein43	2	rxn10481_c0;rxn05528_c0
g44	COBRAProtein44	1	rxnPolyPi1
g45	COBRAProtein45	1	rxn00470
g46	COBRAProtein46	1	rxn00405
g47	COBRAProtein47	1	rxn00395
g48	COBRAProtein48	1	rxn01019
g49	COBRAProtein49	1	rxn00114
g50	COBRAProtein50	1	rxnPBdm1
g51	COBRAProtein51	1	rxnPBdm1
g52	COBRAProtein52	1	rxnPBdm1
g53	COBRAProtein53	1	rxn00058
g54	COBRAProtein54	1	rxn00058
g55	COBRAProtein55	1	rxn00058
g56	COBRAProtein56	1	rxn00058
g57	COBRAProtein57	2	rxn10481_c0;rxn05528_c0
g58	COBRAProtein58	1	rxnNFBS10
g59	COBRAProtein59	2	rxn01286_c0;rxn00506_c0
g60	COBRAProtein60	1	rxn00509
g61	COBRAProtein61	1	rxn05937_c0
g62	COBRAProtein62	1	rxn06874_c0
g63	COBRAProtein63	1	rxn06874_c0
g64	COBRAProtein64	1	rxn06874_c0
g65	COBRAProtein65	1	rxn06874_c0
g66	COBRAProtein66	1	rxn06874_c0
g67	COBRAProtein67	1	rxn06874_c0
g68	COBRAProtein68	1	rxnNFBS13
g69	COBRAProtein69	1	rxnNFBS1
g70	COBRAProtein70	1	rxnNFBS2
g71	COBRAProtein71	1	rxnNFBS3
g72	COBRAProtein72	1	rxnNFBS11
g73	COBRAProtein73	1	rxnNFBS12
g74	COBRAProtein74	1	rxnNFBS15
g75	COBRAProtein75	1	rxnNFBS15
g76	COBRAProtein76	3	rxnNFBS6;rxnNFBS7;rxnNFBS5
g77	COBRAProtein77	1	rxnNFBS8
g78	COBRAProtein78	1	rxnNFBS9
g79	COBRAProtein79	1	rxn06874_c0
g80	COBRAProtein80	1	rxn00555
g81	COBRAProtein81	2	rxn01187_c0;rxn00548_c0
g82	COBRAProtein82	1	rxn05618_c0
g83	COBRAProtein83	3	rxn10481_c0;rxn05516_c0;rxn05528_c0
g84	COBRAProtein84	1	rxn11937
g85	COBRAProtein85	1	rxn11937
g86	COBRAProtein86	1	rxn11937
g87	COBRAProtein87	1	rxn11937
g88	COBRAProtein88	1	rxn11937
g89	COBRAProtein89	1	rxn11937
g90	COBRAProtein90	2	rxn03990_c0;rxn03991_c0
g91	COBRAProtein91	1	rxn06874_c0
g92	COBRAProtein92	1	rxn06874_c0
g93	COBRAProtein93	1	rxn00058
g94	COBRAProtein94	1	rxn00058
g95	COBRAProtein95	1	rxn00058
g96	COBRAProtein96	1	rxn00058
g97	COBRAProtein97	1	rxn10120
g98	COBRAProtein98	1	rxn10120
g99	COBRAProtein99	1	rxn10120
g100	COBRAProtein100	1	rxn10120
g101	COBRAProtein101	1	rxn10120
g102	COBRAProtein102	1	rxn10120
g103	COBRAProtein103	1	rxn05890
g104	COBRAProtein104	1	rxn05890
g105	COBRAProtein105	1	rxn01806
g106	COBRAProtein106	1	rxn01806
g107	COBRAProtein107	1	rxn01806
g108	COBRAProtein108	1	rxn01806
g109	COBRAProtein109	1	rxn01806
g110	COBRAProtein110	1	rxn00763_c0
g111	COBRAProtein111	1	rxn05638_c0
g112	COBRAProtein112	1	rxn01101
g113	COBRAProtein113	3	rxn02268_c0;rxn00868_c0;rxn01923_c0
g114	COBRAProtein114	1	rxn01011
g115	COBRAProtein115	1	rxn02168_c0
g116	COBRAProtein116	1	rxn05549_c0
g117	COBRAProtein117	1	rxn05549_c0
g118	COBRAProtein118	2	rxn02102_c0;rxn02103_c0
g119	COBRAProtein119	4	rxn12639;rxn00650_c0;rxn12638;rxn12642
g120	COBRAProtein120	2	rxn00422_c0;rxn00272
g121	COBRAProtein121	1	rxn10131
g122	COBRAProtein122	1	rxn10131
g123	COBRAProtein123	1	rxn00395
g124	COBRAProtein124	1	rxn00394
g125	COBRAProtein125	1	rxn00926
g126	COBRAProtein126	1	rxn05201_c0
g127	COBRAProtein127	1	rxn00926
g128	COBRAProtein128	1	rxn00469
g129	COBRAProtein129	1	rxn01101
g130	COBRAProtein130	1	rxn00160_c0
g131	COBRAProtein131	1	rxn00509
g132	COBRAProtein132	1	rxn06077_c0
g133	COBRAProtein133	1	rxn05549_c0
g134	COBRAProtein134	1	rxn05549_c0
g135	COBRAProtein135	1	rxn05153
g136	COBRAProtein136	1	rxn05153
g137	COBRAProtein137	3	rxn02268_c0;rxn00868_c0;rxn01923_c0
g138	COBRAProtein138	1	rxn01013_c0
g139	COBRAProtein139	1	rxn03004
g140	COBRAProtein140	1	rxn00908
g141	COBRAProtein141	1	rxnRB6
g142	COBRAProtein142	1	rxn10168_c0
g143	COBRAProtein143	1	rxn10168_c0
g144	COBRAProtein144	1	rxn10168_c0
g145	COBRAProtein145	1	rxnRB4
g146	COBRAProtein146	1	rxn00717_c0
g147	COBRAProtein147	1	rxn00006
g148	COBRAProtein148	1	rxn04786
g149	COBRAProtein149	1	rxn07465
g150	COBRAProtein150	1	rxnRB3
g151	COBRAProtein151	1	rxnRB2
g152	COBRAProtein152	1	rxnRB1
g153	COBRAProtein153	1	rxnRB3
g154	COBRAProtein154	1	rxnRB6
g155	COBRAProtein155	3	rxnBLTPcpd00208;rxnBLTPcpd04349;rxnBLTPcpd02274
g156	COBRAProtein156	1	rxn00931
g157	COBRAProtein157	1	rxn00006
g158	COBRAProtein158	1	rxn05549_c0
g159	COBRAProtein159	1	rxn00186
g160	COBRAProtein160	2	rxn00527;rxn05036
g161	COBRAProtein161	1	rxnBLTPcpd00149
g162	COBRAProtein162	1	rxnBLTPcpd00149
g163	COBRAProtein163	1	rxnBLTPcpd00149
g164	COBRAProtein164	1	rxn05651
g165	COBRAProtein165	1	rxn01134_c0
g166	COBRAProtein166	1	rxn01101
g167	COBRAProtein167	1	rxn05549_c0
g168	COBRAProtein168	1	rxn00717_c0
g169	COBRAProtein169	1	rxn03393
g170	COBRAProtein170	1	rxn00881_c0
g171	COBRAProtein171	1	rxn00881_c0
g172	COBRAProtein172	1	rxn04792
g173	COBRAProtein173	1	rxn00847
g174	COBRAProtein174	1	rxn00847
g175	COBRAProtein175	1	rxn00847
g176	COBRAProtein176	2	rxnGFTPcpd00242;rxnBLTPcpd00378
g177	COBRAProtein177	2	rxnGFTPcpd00242;rxnBLTPcpd00378
g178	COBRAProtein178	2	rxnGFTPcpd00242;rxnBLTPcpd00378
g179	COBRAProtein179	2	rxnGFTPcpd00242;rxnBLTPcpd00378
g180	COBRAProtein180	2	rxnGFTPcpd00242;rxnBLTPcpd00378
g181	COBRAProtein181	1	rxn04791
g182	COBRAProtein182	1	rxn01116
g183	COBRAProtein183	1	rxn00018
g184	COBRAProtein184	1	rxn00018
g185	COBRAProtein185	2	rxn01334;rxn00786
g186	COBRAProtein186	2	rxn00785;rxn01200
g187	COBRAProtein187	1	rxn01111
g188	COBRAProtein188	2	rxn00549;rxn01345
g189	COBRAProtein189	1	rxn01997
g190	COBRAProtein190	1	rxn00609_c0
g191	COBRAProtein191	1	rxn01635
g192	COBRAProtein192	1	rxn00930
g193	COBRAProtein193	1	rxn00196
g194	COBRAProtein194	3	rxnBLTPcpd00851;rxnGFTP5;rxnBLTPcpd02175
g195	COBRAProtein195	3	rxnBLTPcpd00851;rxnGFTP5;rxnBLTPcpd02175
g196	COBRAProtein196	3	rxnBLTPcpd00851;rxnGFTP5;rxnBLTPcpd02175
g197	COBRAProtein197	3	rxnBLTPcpd00851;rxnGFTP5;rxnBLTPcpd02175
g198	COBRAProtein198	2	rxn02946;rxn02071
g199	COBRAProtein199	1	rxn02360
g200	COBRAProtein200	1	rxn01637
g201	COBRAProtein201	3	rxnBLTPcpd00300;rxn05202;rxnBLTPcpd01217
g202	COBRAProtein202	1	rxn00744_c0
g203	COBRAProtein203	1	rxn00744_c0
g204	COBRAProtein204	1	rxn00744_c0
g205	COBRAProtein205	1	rxn00744_c0
g206	COBRAProtein206	1	rxn05549_c0
g207	COBRAProtein207	1	rxn05549_c0
g208	COBRAProtein208	1	rxn05549_c0
g209	COBRAProtein209	7	rxnBLTPcpd20885;rxnBLTPcpdMALT;rxn05170;rxnBLTPcpd00076;rxnBLTPcpd01200;rxn08875;rxn10839
g210	COBRAProtein210	7	rxnBLTPcpd20885;rxnBLTPcpdMALT;rxn05170;rxnBLTPcpd00076;rxnBLTPcpd01200;rxn08875;rxn10839
g211	COBRAProtein211	7	rxnBLTPcpd20885;rxnBLTPcpdMALT;rxn05170;rxnBLTPcpd00076;rxnBLTPcpd01200;rxn08875;rxn10839
g212	COBRAProtein212	7	rxnBLTPcpd20885;rxnBLTPcpdMALT;rxn05170;rxnBLTPcpd00076;rxnBLTPcpd01200;rxn08875;rxn10839
g213	COBRAProtein213	3	rxnMALT1;rxnPAL1;rxnTRE1
g214	COBRAProtein214	3	rxnMALT1;rxnPAL1;rxnTRE1
g215	COBRAProtein215	3	rxnGFTP10b;rxn09692_c0;rxnGFTP10
g216	COBRAProtein216	1	rxn05549_c0
g217	COBRAProtein217	1	rxn05549_c0
g218	COBRAProtein218	1	rxn05549_c0
g219	COBRAProtein219	1	rxn00881_c0
g220	COBRAProtein220	1	rxn05195
g221	COBRAProtein221	1	rxn05195
g222	COBRAProtein222	1	rxn05195
g223	COBRAProtein223	1	rxn01637
g224	COBRAProtein224	1	rxn05158_c0
g225	COBRAProtein225	1	rxn05158_c0
g226	COBRAProtein226	1	rxn05158_c0
g227	COBRAProtein227	1	rxn05158_c0
g228	COBRAProtein228	1	rxn01637
g229	COBRAProtein229	1	rxn00509
g230	COBRAProtein230	2	rxn05625;rxn05627
g231	COBRAProtein231	2	rxn03953_c0;rxn03954_c0
g232	COBRAProtein232	2	rxn01007;rxn01997
g233	COBRAProtein233	1	rxnBLTPcpd03884
g234	COBRAProtein234	1	rxnBLTPcpd03884
g235	COBRAProtein235	2	rxn05549_c0;rxnBLTPcpd03884
g236	COBRAProtein236	1	rxnBLTPcpd03884
g237	COBRAProtein237	1	rxnPSCIS
g238	COBRAProtein238	1	rxn00612
g239	COBRAProtein239	1	rxn05549_c0
g240	COBRAProtein240	1	rxn05549_c0
g241	COBRAProtein241	1	rxn01121_c0
g242	COBRAProtein242	1	rxn01013_c0
g243	COBRAProtein243	1	rxnBLTPcpd00197
g244	COBRAProtein244	1	rxn03975
g245	COBRAProtein245	1	rxn02369
g246	COBRAProtein246	1	rxn01192
g247	COBRAProtein247	1	rxn01192
g248	COBRAProtein248	1	rxn02483
g249	COBRAProtein249	1	rxn02144
g250	COBRAProtein250	1	rxn00350_c0
g251	COBRAProtein251	1	rxn02143
g252	COBRAProtein252	1	rxn02143
g253	COBRAProtein253	1	rxn00598
g254	COBRAProtein254	2	rxn01103_c0;rxn00227_c0
g255	COBRAProtein255	1	rxnBLTPcpd00073
g256	COBRAProtein256	1	rxnBLTPcpd00073
g257	COBRAProtein257	1	rxnBLTPcpd00073
g258	COBRAProtein258	1	rxnBLTPcpd00073
g259	COBRAProtein259	5	rxnBLGFcpd00041;rxn05561;rxn09269;rxn09269dm_c0;rxn09269lm
g260	COBRAProtein260	1	rxn09997
g261	COBRAProtein261	1	rxn07295
g262	COBRAProtein262	1	rxnTHIZsyn
g263	COBRAProtein263	1	rxn02305
g264	COBRAProtein264	1	rxn05549_c0
g265	COBRAProtein265	1	rxn00416
g266	COBRAProtein266	2	rxn01281_c0;rxn01280_c0
g267	COBRAProtein267	1	rxn01015_c0
g268	COBRAProtein268	1	rxn05549_c0
g269	COBRAProtein269	1	rxn05549_c0
g270	COBRAProtein270	1	rxn00562
g271	COBRAProtein271	1	rxn01011
g272	COBRAProtein272	2	rxn01281_c0;rxn01280_c0
g273	COBRAProtein273	1	rxn01015_c0
g274	COBRAProtein274	1	rxn00010_c0
g275	COBRAProtein275	1	rxn01278_c0
g276	COBRAProtein276	1	rxnBLGFcpd00121
g277	COBRAProtein277	1	rxnBLGFcpd00121
g278	COBRAProtein278	1	rxnBLGFcpd00121
g279	COBRAProtein279	1	rxn05549_c0
g280	COBRAProtein280	1	rxn05549_c0
g281	COBRAProtein281	1	rxn00187
g282	COBRAProtein282	1	rxn01480
g283	COBRAProtein283	2	rxn02933;rxn03433
g284	COBRAProtein284	2	rxn01924;rxn02270
g285	COBRAProtein285	1	rxn01355
g286	COBRAProtein286	1	rxn01355
g287	COBRAProtein287	1	rxn00602
g288	COBRAProtein288	1	rxn00744_c0
g289	COBRAProtein289	1	rxnBLTPcpd00197
g290	COBRAProtein290	1	rxnBLTPcpd00197
g291	COBRAProtein291	1	rxnBLTPcpd00197
g292	COBRAProtein292	1	rxnBLTPcpd00197
g293	COBRAProtein293	1	rxn01117
g294	COBRAProtein294	1	rxn01117
g295	COBRAProtein295	2	rxn01522;rxn01297
g296	COBRAProtein296	1	rxn01225
g297	COBRAProtein297	1	rxn00145_c0
g298	COBRAProtein298	1	rxn05549_c0
g299	COBRAProtein299	1	rxn05549_c0
g300	COBRAProtein300	1	rxn08975_c0
g301	COBRAProtein301	1	rxn00562
g302	COBRAProtein302	1	rxn01828
g303	COBRAProtein303	1	rxn00196
g304	COBRAProtein304	2	rxn08573;rxn08139
g305	COBRAProtein305	2	rxn08573;rxn08139
g306	COBRAProtein306	2	rxn08573;rxn08139
g307	COBRAProtein307	1	rxn00879
g308	COBRAProtein308	2	rxn05147;rxn05167
g309	COBRAProtein309	3	rxn05147;rxn05167;rxn05549_c0
g310	COBRAProtein310	2	rxn05147;rxn05167
g311	COBRAProtein311	4	rxnBLTPcpd00208;rxn05549_c0;rxnBLTPcpd04349;rxnBLTPcpd02274
g312	COBRAProtein312	3	rxnBLTPcpd00208;rxnBLTPcpd04349;rxnBLTPcpd02274
g313	COBRAProtein313	3	rxnBLTPcpd00208;rxnBLTPcpd04349;rxnBLTPcpd02274
g314	COBRAProtein314	1	rxnEPSSlmw2
g315	COBRAProtein315	1	rxnEPSShmw
g316	COBRAProtein316	1	rxn00214
g317	COBRAProtein317	1	rxnEPSS3
g318	COBRAProtein318	1	rxnEPSShmw
g319	COBRAProtein319	1	rxn01119
g320	COBRAProtein320	1	rxnEPSS6
g321	COBRAProtein321	1	rxnEPSS10
g322	COBRAProtein322	1	rxnEPSSlmw
g323	COBRAProtein323	1	rxnEPSS8
g324	COBRAProtein324	1	rxnEPSSlmw2
g325	COBRAProtein325	1	rxnEPSS2
g326	COBRAProtein326	1	rxnEPSS1
g327	COBRAProtein327	1	rxnEPSS4
g328	COBRAProtein328	1	rxnEPSS5
g329	COBRAProtein329	1	rxn00213
g330	COBRAProtein330	2	rxnEPSShmw;rxnEPSSlmw
g331	COBRAProtein331	2	rxn03108;rxn02484
g332	COBRAProtein332	1	rxn01637
g333	COBRAProtein333	1	rxn00568
g334	COBRAProtein334	1	rxn00568
g335	COBRAProtein335	1	rxn10121
g336	COBRAProtein336	1	rxn02287
g337	COBRAProtein337	1	rxn01274_c0
g338	COBRAProtein338	1	rxn01274_c0
g339	COBRAProtein339	1	rxn12192
g340	COBRAProtein340	2	rxn00650_c0;rxnProtDF
g341	COBRAProtein341	1	rxn00615
g342	COBRAProtein342	1	rxn00992_c0
g343	COBRAProtein343	2	rxn01522;rxn01297
g344	COBRAProtein344	1	rxn01997
g345	COBRAProtein345	1	rxn01329
g346	COBRAProtein346	1	rxn00640
g347	COBRAProtein347	1	rxn00802
g348	COBRAProtein348	1	rxnBLTPcpd00274
g349	COBRAProtein349	1	rxnBLTPcpd00274
g350	COBRAProtein350	1	rxnBLTPcpd00274
g351	COBRAProtein351	1	rxnBLTPcpd00751
g352	COBRAProtein352	1	rxnBLTPcpd00751
g353	COBRAProtein353	1	rxnBLTPcpd00751
g354	COBRAProtein354	1	rxnBLTPcpd00751
g355	COBRAProtein355	1	rxn14044
g356	COBRAProtein356	1	rxnFUCOSE1
g357	COBRAProtein357	1	rxnFUCOSE2
g358	COBRAProtein358	1	rxnFUCOSE3
g359	COBRAProtein359	1	rxn02617
g360	COBRAProtein360	1	rxn01275_c0
g361	COBRAProtein361	1	rxn02866
g362	COBRAProtein362	1	rxn02889
g363	COBRAProtein363	1	rxn02889
g364	COBRAProtein364	1	rxn00991
g365	COBRAProtein365	1	rxn01504
g366	COBRAProtein366	1	rxn05153
g367	COBRAProtein367	1	rxn05153
g368	COBRAProtein368	1	rxn05153
g369	COBRAProtein369	1	rxn05153
g370	COBRAProtein370	2	rxnBLTPcpd01524;rxnBLTPcpd00832
g371	COBRAProtein371	2	rxnBLTPcpd01524;rxnBLTPcpd00832
g372	COBRAProtein372	2	rxnBLTPcpd01524;rxnBLTPcpd00832
g373	COBRAProtein373	2	rxnBLTPcpd01524;rxnBLTPcpd00832
g374	COBRAProtein374	1	rxn08212
g375	COBRAProtein375	1	rxn08212
g376	COBRAProtein376	1	rxn08212
g377	COBRAProtein377	1	rxn08212
g378	COBRAProtein378	1	rxn02085
g379	COBRAProtein379	1	rxn01639
g380	COBRAProtein380	1	rxn00867
g381	COBRAProtein381	1	rxn01642
g382	COBRAProtein382	2	rxnGFTP9;rxn05145
g383	COBRAProtein383	2	rxnGFTP9;rxn05145
g384	COBRAProtein384	2	rxnGFTP9;rxn05145
g385	COBRAProtein385	2	rxnGFTP9;rxn05145
g386	COBRAProtein386	2	rxn00225_c0;rxn00985_c0
g387	COBRAProtein387	1	rxn00509
g388	COBRAProtein388	2	rxn01637;rxn01204
g389	COBRAProtein389	1	rxn00786
g390	COBRAProtein390	2	rxnBLTPcpd01524;rxnBLTPcpd00832
g391	COBRAProtein391	2	rxnGALAMk;rxnNAGALAMk
g392	COBRAProtein392	1	rxn11877
g393	COBRAProtein393	2	rxnBLTPcpd01524;rxnBLTPcpd00832
g394	COBRAProtein394	2	rxnBLTPcpd01524;rxnBLTPcpd00832
g395	COBRAProtein395	2	rxnBLTPcpd01524;rxnBLTPcpd00832
g396	COBRAProtein396	1	rxnNFBS11
g397	COBRAProtein397	1	rxnNFBS12
g398	COBRAProtein398	1	rxnNFBS14
g399	COBRAProtein399	4	rxn01299_c0;rxn01545;rxn00927;rxn01226
g400	COBRAProtein400	1	rxn00926
g401	COBRAProtein401	1	rxn00469
g402	COBRAProtein402	1	rxn05201_c0
g403	COBRAProtein403	1	rxn01746
g404	COBRAProtein404	2	rxn01522;rxn01297
g405	COBRAProtein405	2	rxn01522;rxn01297
g406	COBRAProtein406	1	rxn01225
g407	COBRAProtein407	1	rxn00784_c0
g408	COBRAProtein408	1	rxnEPSG2
g409	COBRAProtein409	1	rxnEPSG2
g410	COBRAProtein410	1	rxnEPSG1
g411	COBRAProtein411	1	rxnEPSG2
g412	COBRAProtein412	2	rxnEPSG1;rxnEPSG2
g413	COBRAProtein413	1	rxn01675
g414	COBRAProtein414	1	rxn02000
g415	COBRAProtein415	1	rxn01997
g416	COBRAProtein416	1	rxn02003
g417	COBRAProtein417	1	rxn05549_c0
g418	COBRAProtein418	1	rxn05549_c0
g419	COBRAProtein419	1	rxn05549_c0
g420	COBRAProtein420	1	rxnBLTPcpd00020
g421	COBRAProtein421	1	rxnBLTPcpd00020
g422	COBRAProtein422	1	rxnBLTPcpd00020
g423	COBRAProtein423	1	rxn01275_c0
g424	COBRAProtein424	1	rxnTAG1
g425	COBRAProtein425	1	rxn02094
g426	COBRAProtein426	1	rxnBLTPcpd00589
g427	COBRAProtein427	1	rxnBLTPcpd00589
g428	COBRAProtein428	1	rxnBLTPcpd00589
g429	COBRAProtein429	1	rxn01997
g430	COBRAProtein430	1	rxn02000
g431	COBRAProtein431	1	rxn05557_c0
g432	COBRAProtein432	1	rxnEPSSlmw2
g433	COBRAProtein433	1	rxnEPSSlmw2
g434	COBRAProtein434	1	rxn00471
g435	COBRAProtein435	2	rxn00670_c0;rxn00173_c0
g436	COBRAProtein436	1	rxn02900_c0
g437	COBRAProtein437	1	rxn00228
g438	COBRAProtein438	1	rxnPhnY
g439	COBRAProtein439	1	rxnPBdm2
g440	COBRAProtein440	1	rxn00351
g441	COBRAProtein441	3	rxn00817;rxn00818;rxn02596
g442	COBRAProtein442	3	rxnBLTPcpd01133;rxnBLTPcpd03198;rxnBLTPcpd00382
g443	COBRAProtein443	3	rxnBLTPcpd01133;rxnBLTPcpd03198;rxnBLTPcpd00382
g444	COBRAProtein444	3	rxnBLTPcpd01133;rxnBLTPcpd03198;rxnBLTPcpd00382
g445	COBRAProtein445	3	rxnBLTPcpd01133;rxnBLTPcpd03198;rxnBLTPcpd00382
g446	COBRAProtein446	3	rxn00817;rxn00818;rxn02596
g447	COBRAProtein447	3	rxnBLTPcpd00208;rxnBLTPcpd04349;rxnBLTPcpd02274
g448	COBRAProtein448	3	rxnBLTPcpd00208;rxnBLTPcpd04349;rxnBLTPcpd02274
g449	COBRAProtein449	3	rxnBLTPcpd00208;rxnBLTPcpd04349;rxnBLTPcpd02274
g450	COBRAProtein450	3	rxn00816c;rxn00816;rxn00816b
g451	COBRAProtein451	1	rxnEPSS7
g452	COBRAProtein452	1	rxnBLTPcpd00073
g453	COBRAProtein453	1	rxnTHIZsyn
g454	COBRAProtein454	12	rxnVLCFA29;rxnVLCFA9;rxnVLCFA37;rxnVLCFA21;rxnVLCFA49;rxnVLCFA33;rxnVLCFA45;rxnVLCFA13;rxnVLCFA41;rxnVLCFA25;rxnVLCFA5;rxnVLCFA17
g455	COBRAProtein455	1	rxn01106
g456	COBRAProtein456	1	rxn01255
g457	COBRAProtein457	2	rxn00300;rxn05040
g458	COBRAProtein458	1	rxn00058
g459	COBRAProtein459	1	rxn00058
g460	COBRAProtein460	1	rxn00058
g461	COBRAProtein461	1	rxn00058
g462	COBRAProtein462	2	rxn08352;rxn04113
g463	COBRAProtein463	1	rxn01300
g464	COBRAProtein464	1	rxn05294
g465	COBRAProtein465	1	rxn00151_c0
g466	COBRAProtein466	3	rxn00806;rxn01575;rxn00903
g467	COBRAProtein467	1	rxn05209
g468	COBRAProtein468	1	rxn05209
g469	COBRAProtein469	1	rxn05209
g470	COBRAProtein470	1	rxn05209
g471	COBRAProtein471	1	rxn05209
g472	COBRAProtein472	1	rxn05209
g473	COBRAProtein473	1	rxn05209
g474	COBRAProtein474	1	rxn00209
g475	COBRAProtein475	1	rxn01069
g476	COBRAProtein476	1	rxn05179
g477	COBRAProtein477	1	rxn00058
g478	COBRAProtein478	1	rxn09240
g479	COBRAProtein479	1	rxn09240
g480	COBRAProtein480	1	rxn05239
g481	COBRAProtein481	1	rxn10770
g482	COBRAProtein482	1	rxn01867
g483	COBRAProtein483	1	rxn00763_c0
g484	COBRAProtein484	1	rxn10116_c0
g485	COBRAProtein485	1	rxn04684
g486	COBRAProtein486	2	rxn01281_c0;rxn01280_c0
g487	COBRAProtein487	1	rxn00799
g488	COBRAProtein488	2	rxnEry4;rxn00777
g489	COBRAProtein489	1	rxn00086
g490	COBRAProtein490	1	rxn01332
g491	COBRAProtein491	1	rxn00138
g492	COBRAProtein492	1	rxnBluB
g493	COBRAProtein493	1	rxn00159
g494	COBRAProtein494	1	rxn05964
g495	COBRAProtein495	1	rxn02303
g496	COBRAProtein496	1	rxn12750
g497	COBRAProtein497	1	rxn12750
g498	COBRAProtein498	1	rxn12750
g499	COBRAProtein499	1	rxn00555
g500	COBRAProtein500	2	rxn03638;rxn00293
g501	COBRAProtein501	1	rxn00791
g502	COBRAProtein502	1	rxn02507
g503	COBRAProtein503	3	rxnPC9;rxnPC2;rxnPC4
g504	COBRAProtein504	1	rxn00058
g505	COBRAProtein505	2	rxn01281_c0;rxn01280_c0
g506	COBRAProtein506	1	rxn01834_c0
g507	COBRAProtein507	1	rxn01301
g508	COBRAProtein508	2	rxn00527;rxn05036
g509	COBRAProtein509	1	rxn11920
g510	COBRAProtein510	2	rxn00650_c0;rxnProtDF
g511	COBRAProtein511	1	rxn04139
g512	COBRAProtein512	1	rxn12192
g513	COBRAProtein513	12	rxn05326;rxnUS16;rxn05324;rxn05464;rxnUS8;rxn05325;rxn05323;rxn05322;rxnUS12;rxn05327;rxn05328;rxnUS4
g514	COBRAProtein514	10	rxn05348;rxn05460;rxnUS5;rxn05350;rxn05345;rxnUS9;rxn05343;rxn05344;rxnUS1;rxn05346
g515	COBRAProtein515	8	rxn05334;rxn05335;rxn05333;rxn05332;rxn07455;rxn05330;rxn05331;rxn05462
g516	COBRAProtein516	1	rxn02476
g517	COBRAProtein517	1	rxn00364
g518	COBRAProtein518	1	rxn12192
g519	COBRAProtein519	1	rxn01013_c0
g520	COBRAProtein520	1	rxn12192
g521	COBRAProtein521	1	rxn12192
g522	COBRAProtein522	1	rxn12192
g523	COBRAProtein523	1	rxn12192
g524	COBRAProtein524	1	rxn12192
g525	COBRAProtein525	1	rxn06444
g526	COBRAProtein526	1	rxn06444
g527	COBRAProtein527	2	rxn00527;rxn05036
g528	COBRAProtein528	1	rxn00917
g529	COBRAProtein529	2	rxn10474_c0;rxn05616
g530	COBRAProtein530	1	rxn03901
g531	COBRAProtein531	1	rxn00710
g532	COBRAProtein532	9	rxnDMPE1;rxnDMPE2;rxnMMPE6;rxnPC1;rxnPC3;rxnDMPE3;rxnMMPE1;rxnMMPE2;rxnPC8
g533	COBRAProtein533	1	rxn05294
g534	COBRAProtein534	1	rxn00351
g535	COBRAProtein535	1	rxn00649
g536	COBRAProtein536	1	rxn12192
g537	COBRAProtein537	1	rxn12146
g538	COBRAProtein538	1	rxn02007
g539	COBRAProtein539	1	rxn08707
g540	COBRAProtein540	1	rxn01519_c0
g541	COBRAProtein541	1	rxn02201
g542	COBRAProtein542	1	rxn02504
g543	COBRAProtein543	1	rxn02503
g544	COBRAProtein544	1	rxn06300
g545	COBRAProtein545	1	rxn05651
g546	COBRAProtein546	2	rxn01387;rxn00199
g547	COBRAProtein547	1	rxn00193
g548	COBRAProtein548	1	rxn12192
g549	COBRAProtein549	1	rxn00189
g550	COBRAProtein550	1	rxn03084
g551	COBRAProtein551	1	rxn03084
g552	COBRAProtein552	1	rxn03084
g553	COBRAProtein553	1	rxn03147
g554	COBRAProtein554	2	rxn00800;rxn03136
g555	COBRAProtein555	1	rxn01116
g556	COBRAProtein556	1	rxn06280
g557	COBRAProtein557	2	rxnTHIZsyn;rxnNifS_c0
g558	COBRAProtein558	3	rxnPE9;rxnPE4;rxnPE2
g559	COBRAProtein559	3	rxnPE1;rxnPE8;rxnPE3
g560	COBRAProtein560	1	rxn00790
g561	COBRAProtein561	1	rxn00283
g562	COBRAProtein562	1	rxn05294
g563	COBRAProtein563	1	rxn12192
g564	COBRAProtein564	1	rxn12192
g565	COBRAProtein565	1	rxn12192
g566	COBRAProtein566	3	rxn05465;rxnNFBS1;rxnVLCFA1
g567	COBRAProtein567	13	rxnUS10;rxn05338;rxn05336;rxnUS2;rxn05337;rxnUS14;rxn05340;rxn05461;rxnUS6;rxn05341;rxn05342;rxn05339;rxnNFBS3
g568	COBRAProtein568	1	rxn05465
g569	COBRAProtein569	10	rxnUS13;rxn05348;rxn05460;rxnUS5;rxn05350;rxn05345;rxnUS9;rxn05343;rxn05344;rxn05346
g570	COBRAProtein570	2	rxn01509;rxn09562
g571	COBRAProtein571	1	rxn12192
g572	COBRAProtein572	1	rxn03951
g573	COBRAProtein573	19	rxn12845_c0;rxn12637;rxn12642;rxn12645;rxn00650_c0;rxn12846_c0;rxn12634;rxn12643;rxn12847_c0;rxn12633;rxn12644;rxn12639;rxn12646;rxn12638;rxn12640;rxn12635;rxn12844_c0;rxn12641;rxn12636
g574	COBRAProtein574	1	rxn05294
g575	COBRAProtein575	2	rxn01289;rxn00812
g576	COBRAProtein576	8	rxn01673;rxn01353;rxn00409;rxn01512;rxn00237;rxn00117;rxn01678;rxn00839
g577	COBRAProtein577	6	rxnPG5;rxnPG21;rxnPG11;rxnPG17;rxnPG37;rxnPG25
g578	COBRAProtein578	1	rxn03004
g579	COBRAProtein579	1	rxn02937
g580	COBRAProtein580	1	rxn05294
g581	COBRAProtein581	1	rxnPolyPi1
g582	COBRAProtein582	1	rxn01485
g583	COBRAProtein583	1	rxn02914
g584	COBRAProtein584	1	rxn01101
g585	COBRAProtein585	1	rxn00838
g586	COBRAProtein586	1	rxnBIOMASS
g587	COBRAProtein587	1	rxn00867
g588	COBRAProtein588	4	rxn05164;rxn05637;rxn05165;rxnBLTPcpd01293
g589	COBRAProtein589	4	rxn05164;rxn05637;rxn05165;rxnBLTPcpd01293
g590	COBRAProtein590	4	rxn05164;rxn05637;rxn05165;rxnBLTPcpd01293
g591	COBRAProtein591	1	rxn00763_c0
g592	COBRAProtein592	1	rxn00469
g593	COBRAProtein593	1	rxn06673
g594	COBRAProtein594	1	rxn01739
g595	COBRAProtein595	1	rxn02212
g596	COBRAProtein596	1	rxn10476
g597	COBRAProtein597	1	rxn10476
g598	COBRAProtein598	1	rxn12192
g599	COBRAProtein599	1	rxn01274_c0
g600	COBRAProtein600	3	rxn02320;rxn00493;rxn00527
g601	COBRAProtein601	2	rxn01269;rxn00525
g602	COBRAProtein602	6	rxnPG15;rxnSL14;rxnPG19;rxnSL22;rxnPG3;rxnPG9
g603	COBRAProtein603	1	rxn00836
g604	COBRAProtein604	1	rxn00313
g605	COBRAProtein605	1	rxn00802
g606	COBRAProtein606	1	rxn01452_c0
g607	COBRAProtein607	1	rxn00669_c0
g608	COBRAProtein608	1	rxn00336_c0
g609	COBRAProtein609	1	rxn00988_c0
g610	COBRAProtein610	1	rxn05195
g611	COBRAProtein611	1	rxn11920
g612	COBRAProtein612	2	rxn00501;rxn00671
g613	COBRAProtein613	1	rxn05195
g614	COBRAProtein614	19	rxn05539_c0;rxn05538;rxn12851_c0;rxn05542;rxn05536;rxn05537;rxn05543;rxn05546;rxn05534;rxn05544;rxn12848_c0;rxn05533;rxn05545;rxn12849_c0;rxn05540;rxn05547;rxn12850_c0;rxn05541;rxn05535
g615	COBRAProtein615	19	rxn05539_c0;rxn05538;rxn12851_c0;rxn05542;rxn05536;rxn05537;rxn05543;rxn05546;rxn05534;rxn05544;rxn12848_c0;rxn05533;rxn05545;rxn12849_c0;rxn05540;rxn05547;rxn12850_c0;rxn05541;rxn05535
g616	COBRAProtein616	19	rxn05539_c0;rxn05538;rxn12851_c0;rxn05542;rxn05536;rxn05537;rxn05543;rxn05546;rxn05534;rxn05544;rxn12848_c0;rxn05533;rxn05545;rxn12849_c0;rxn05540;rxn05547;rxn12850_c0;rxn05541;rxn05535
g617	COBRAProtein617	19	rxn05539_c0;rxn05538;rxn12851_c0;rxn05542;rxn05536;rxn05537;rxn05543;rxn05546;rxn05534;rxn05544;rxn12848_c0;rxn05533;rxn05545;rxn12849_c0;rxn05540;rxn05547;rxn12850_c0;rxn05541;rxn05535
g618	COBRAProtein618	19	rxn05539_c0;rxn05538;rxn12851_c0;rxn05542;rxn05536;rxn05537;rxn05543;rxn05546;rxn05534;rxn05544;rxn12848_c0;rxn05533;rxn05545;rxn12849_c0;rxn05540;rxn05547;rxn12850_c0;rxn05541;rxn05535
g619	COBRAProtein619	1	rxn08291_c0
g620	COBRAProtein620	1	rxnBIOMASS
g621	COBRAProtein621	1	rxn00834
g622	COBRAProtein622	1	rxn00006
g623	COBRAProtein623	1	rxn00646
g624	COBRAProtein624	1	rxn11268_c0
g625	COBRAProtein625	1	rxn08657
g626	COBRAProtein626	1	rxn08657
g627	COBRAProtein627	1	rxn06438
g628	COBRAProtein628	1	rxn06438
g629	COBRAProtein629	1	rxnUB1
g630	COBRAProtein630	1	rxn03908
g631	COBRAProtein631	1	rxn05294
g632	COBRAProtein632	1	rxn10042
g633	COBRAProtein633	1	rxn10042
g634	COBRAProtein634	1	rxn10042
g635	COBRAProtein635	1	rxn10042
g636	COBRAProtein636	1	rxn10042
g637	COBRAProtein637	1	rxn08769
g638	COBRAProtein638	2	rxn10474_c0;rxn05616
g639	COBRAProtein639	1	rxn00812
g640	COBRAProtein640	1	rxn02429
g641	COBRAProtein641	1	rxn00783
g642	COBRAProtein642	1	rxn02174
g643	COBRAProtein643	1	rxn02173
g644	COBRAProtein644	1	rxn03181
g645	COBRAProtein645	2	rxn03439;rxn03182
g646	COBRAProtein646	1	rxn06440
g647	COBRAProtein647	2	rxn00122;rxn00392
g648	COBRAProtein648	1	rxn00789
g649	COBRAProtein649	1	rxn00789
g650	COBRAProtein650	1	rxn06439
g651	COBRAProtein651	5	rxn05682;rxnBLTPcpd00151;rxn05527_c0;rxnBLTPcpd00184;rxn05197
g652	COBRAProtein652	1	rxn08657
g653	COBRAProtein653	1	rxn00737
g654	COBRAProtein654	1	rxn08769
g655	COBRAProtein655	2	rxn01544;rxn00915
g656	COBRAProtein656	1	rxn00187
g657	COBRAProtein657	1	rxn05223
g658	COBRAProtein658	1	rxn05223
g659	COBRAProtein659	1	rxn05223
g660	COBRAProtein660	1	rxn03909
g661	COBRAProtein661	1	rxn02939
g662	COBRAProtein662	1	rxn03893
g663	COBRAProtein663	1	rxn02895
g664	COBRAProtein664	1	rxn02835
g665	COBRAProtein665	4	rxn00302;rxn03174;rxn03419;rxn03421
g666	COBRAProtein666	1	rxnNifU
g667	COBRAProtein667	1	rxn06447
g668	COBRAProtein668	1	rxn05294
g669	COBRAProtein669	1	rxn00747
g670	COBRAProtein670	1	rxn00412
g671	COBRAProtein671	1	rxn02404
g672	COBRAProtein672	1	rxn02331
g673	COBRAProtein673	1	rxn00459
g674	COBRAProtein674	2	rxn00011p;rxn02342
g675	COBRAProtein675	2	rxn00011p;rxn02342
g676	COBRAProtein676	1	rxn01871
g677	COBRAProtein677	1	rxn01241a
g678	COBRAProtein678	2	rxn03910;rxn03907
g679	COBRAProtein679	1	rxn08769
g680	COBRAProtein680	1	rxn00849
g681	COBRAProtein681	1	rxn01519_c0
g682	COBRAProtein682	1	rxn02287
g683	COBRAProtein683	1	rxn01973
g684	COBRAProtein684	1	rxn06538
g685	COBRAProtein685	1	rxn00455
g686	COBRAProtein686	1	rxn00772
g687	COBRAProtein687	4	rxn01299_c0;rxn01545;rxn00927;rxn01226
g688	COBRAProtein688	1	rxn00126
g689	COBRAProtein689	4	rxnOL2;rxnOL8;rxnOL9;rxnOL4
g690	COBRAProtein690	1	rxn06448
g691	COBRAProtein691	1	rxn10199
g692	COBRAProtein692	1	rxn00161
g693	COBRAProtein693	3	rxnOL7;rxnOL3;rxnOL1
g694	COBRAProtein694	1	rxn05294
g695	COBRAProtein695	1	rxn12192
g696	COBRAProtein696	2	rxn02934;rxn02949
g697	COBRAProtein697	1	rxn03397
g698	COBRAProtein698	1	rxn03394
g699	COBRAProtein699	2	rxn02341;rxn09177
g700	COBRAProtein700	1	rxn03932
g701	COBRAProtein701	1	rxn12147
g702	COBRAProtein702	1	rxn05294
g703	COBRAProtein703	1	rxn00278
g704	COBRAProtein704	1	rxn00649
g705	COBRAProtein705	2	rxn01517;rxn01513
g706	COBRAProtein706	1	rxn05294
g707	COBRAProtein707	1	rxn06443
g708	COBRAProtein708	1	rxn02175
g709	COBRAProtein709	1	rxn00414
g710	COBRAProtein710	1	rxn13784
g711	COBRAProtein711	2	rxnLPS1;rxnLPS2
g712	COBRAProtein712	1	rxnLPS2
g713	COBRAProtein713	1	rxnLPS2
g714	COBRAProtein714	1	rxnLPS2
g715	COBRAProtein715	1	rxn05289
g716	COBRAProtein716	1	rxn05294
g717	COBRAProtein717	1	rxn05294
g718	COBRAProtein718	4	rxn06075;rxn05231;rxn05233;rxn06076
g719	COBRAProtein719	1	rxn00165
g720	COBRAProtein720	1	rxn05616
g721	COBRAProtein721	1	rxn12192
g722	COBRAProtein722	1	rxn13784
g723	COBRAProtein723	1	rxn12192
g724	COBRAProtein724	1	rxn12192
g725	COBRAProtein725	3	rxn00097;rxn01127;rxn10052
g726	COBRAProtein726	1	rxn12192
g727	COBRAProtein727	1	rxn12192
g728	COBRAProtein728	1	rxn12192
g729	COBRAProtein729	1	rxn12192
g730	COBRAProtein730	1	rxn12192
g731	COBRAProtein731	1	rxn12192
g732	COBRAProtein732	1	rxn12192
g733	COBRAProtein733	1	rxn12192
g734	COBRAProtein734	1	rxn12192
g735	COBRAProtein735	1	rxn12192
g736	COBRAProtein736	1	rxn12192
g737	COBRAProtein737	1	rxn12192
g738	COBRAProtein738	1	rxn12192
g739	COBRAProtein739	1	rxn12192
g740	COBRAProtein740	1	rxn12192
g741	COBRAProtein741	1	rxn12192
g742	COBRAProtein742	1	rxn12192
g743	COBRAProtein743	1	rxn12192
g744	COBRAProtein744	1	rxn12192
g745	COBRAProtein745	1	rxn12192
g746	COBRAProtein746	1	rxn12192
g747	COBRAProtein747	1	rxn12192
g748	COBRAProtein748	1	rxn12192
g749	COBRAProtein749	1	rxn12192
g750	COBRAProtein750	1	rxn12192
g751	COBRAProtein751	1	rxn13784
g752	COBRAProtein752	1	rxn13784
g753	COBRAProtein753	1	rxn12192
g754	COBRAProtein754	1	rxn12192
g755	COBRAProtein755	1	rxn12192
g756	COBRAProtein756	1	rxn12192
g757	COBRAProtein757	1	rxn13784
g758	COBRAProtein758	1	rxn12192
g759	COBRAProtein759	1	rxn00077
g760	COBRAProtein760	1	rxn12192
g761	COBRAProtein761	1	rxn10199
g762	COBRAProtein762	1	rxn02213
g763	COBRAProtein763	1	rxn06672
g764	COBRAProtein764	1	rxn06672
g765	COBRAProtein765	2	rxn11595;rxn10534
g766	COBRAProtein766	2	rxn11595;rxn10534
g767	COBRAProtein767	2	rxn11595;rxn10534
g768	COBRAProtein768	1	rxn01018
g769	COBRAProtein769	1	rxn01018
g770	COBRAProtein770	3	rxnPG2;rxnPG8;rxnPG14
g771	COBRAProtein771	1	rxn05294
g772	COBRAProtein772	1	rxn12192
g773	COBRAProtein773	1	rxn05294
g774	COBRAProtein774	1	rxn04070
g775	COBRAProtein775	1	rxn05305_c0
g776	COBRAProtein776	3	rxn02185;rxn03194;rxn00011b
g777	COBRAProtein777	3	rxn02185;rxn03194;rxn00011b
g778	COBRAProtein778	2	rxn00686;rxn01602
g779	COBRAProtein779	1	rxn01520
g780	COBRAProtein780	1	rxn00146
g781	COBRAProtein781	1	rxn00058
g782	COBRAProtein782	1	rxn00420
g783	COBRAProtein783	3	rxnBLTPcpd01307;rxnBLTPcpd00314;rxnBLTPcpd00588
g784	COBRAProtein784	3	rxnBLTPcpd01307;rxnBLTPcpd00314;rxnBLTPcpd00588
g785	COBRAProtein785	3	rxnBLTPcpd01307;rxnBLTPcpd00314;rxnBLTPcpd00588
g786	COBRAProtein786	3	rxnBLTPcpd01307;rxnBLTPcpd00314;rxnBLTPcpd00588
g787	COBRAProtein787	2	rxn03883;rxn00634
g788	COBRAProtein788	1	rxn00629
g789	COBRAProtein789	1	rxn05195b
g790	COBRAProtein790	1	rxn05195b
g791	COBRAProtein791	19	rxn05539_c0;rxn05538;rxn12851_c0;rxn05542;rxn05536;rxn05537;rxn05543;rxn05546;rxn05534;rxn05544;rxn12848_c0;rxn05533;rxn05545;rxn12849_c0;rxn05540;rxn05547;rxn12850_c0;rxn05541;rxn05535
g792	COBRAProtein792	19	rxn05539_c0;rxn05538;rxn12851_c0;rxn05542;rxn05536;rxn05537;rxn05543;rxn05546;rxn05534;rxn05544;rxn12848_c0;rxn05533;rxn05545;rxn12849_c0;rxn05540;rxn05547;rxn12850_c0;rxn05541;rxn05535
g793	COBRAProtein793	19	rxn05539_c0;rxn05538;rxn12851_c0;rxn05542;rxn05536;rxn05537;rxn05543;rxn05546;rxn05534;rxn05544;rxn12848_c0;rxn05533;rxn05545;rxn12849_c0;rxn05540;rxn05547;rxn12850_c0;rxn05541;rxn05535
g794	COBRAProtein794	19	rxn05539_c0;rxn05538;rxn12851_c0;rxn05542;rxn05536;rxn05537;rxn05543;rxn05546;rxn05534;rxn05544;rxn12848_c0;rxn05533;rxn05545;rxn12849_c0;rxn05540;rxn05547;rxn12850_c0;rxn05541;rxn05535
g795	COBRAProtein795	19	rxn05539_c0;rxn05538;rxn12851_c0;rxn05542;rxn05536;rxn05537;rxn05543;rxn05546;rxn05534;rxn05544;rxn12848_c0;rxn05533;rxn05545;rxn12849_c0;rxn05540;rxn05547;rxn12850_c0;rxn05541;rxn05535
g796	COBRAProtein796	1	rxn01123_c0
g797	COBRAProtein797	3	rxn00022m2;rxn00022t;rxn00022m
g798	COBRAProtein798	1	rxn00926
g799	COBRAProtein799	4	rxn02925b_c0;rxn01204b;rxn00656_c0;rxn09370
g800	COBRAProtein800	1	rxn13784
g801	COBRAProtein801	1	rxn01068_c0
g802	COBRAProtein802	1	rxn00274_c0
g803	COBRAProtein803	1	rxn05294
g804	COBRAProtein804	1	rxn00414
g805	COBRAProtein805	3	rxn00527;rxn02339;rxn05036
g806	COBRAProtein806	1	rxn00763_c0
g807	COBRAProtein807	1	rxn05177_c0
g808	COBRAProtein808	1	rxn03080
g809	COBRAProtein809	1	rxn05195b
g810	COBRAProtein810	1	rxnEry4
g811	COBRAProtein811	2	rxnEry3;rxn00747
g812	COBRAProtein812	1	rxnEry2
g813	COBRAProtein813	1	rxnRbtC
g814	COBRAProtein814	1	rxn01114
g815	COBRAProtein815	1	rxnLalA
g816	COBRAProtein816	1	rxnEry1
g817	COBRAProtein817	2	rxnRbtAa;rxnRbtAb
g818	COBRAProtein818	3	rxn01754;rxn01754b;rxn01754a
g819	COBRAProtein819	3	rxnGFTP4;rxnBLTPcpd00392;rxnGFTP3
g820	COBRAProtein820	3	rxnGFTP4;rxnBLTPcpd00392;rxnGFTP3
g821	COBRAProtein821	3	rxnGFTP4;rxnBLTPcpd00392;rxnGFTP3
g822	COBRAProtein822	3	rxnGFTP4;rxnBLTPcpd00392;rxnGFTP3
g823	COBRAProtein823	3	rxnGFTP4;rxnBLTPcpd00392;rxnGFTP3
g824	COBRAProtein824	3	rxn02268_c0;rxn00868_c0;rxn01923_c0
g825	COBRAProtein825	3	rxn05637;rxn05637b;rxn08212
g826	COBRAProtein826	3	rxn05637;rxn05637b;rxn08212
g827	COBRAProtein827	3	rxn05637;rxn05637b;rxn08212
g828	COBRAProtein828	3	rxn05637;rxn05637b;rxn08212
g829	COBRAProtein829	3	rxn05163;rxn05175_c0;rxnBLTPcpd00152
g830	COBRAProtein830	3	rxn05163;rxn05175_c0;rxnBLTPcpd00152
g831	COBRAProtein831	3	rxn05163;rxn05175_c0;rxnBLTPcpd00152
g832	COBRAProtein832	3	rxn05163;rxn05175_c0;rxnBLTPcpd00152
g833	COBRAProtein833	1	rxn05195b
g834	COBRAProtein834	1	rxn05195b
g835	COBRAProtein835	1	rxn05195b
g836	COBRAProtein836	1	rxn00145_c0
g837	COBRAProtein837	1	rxn12192
g838	COBRAProtein838	1	rxn12192
g839	COBRAProtein839	1	rxn01917
g840	COBRAProtein840	1	rxn03031
g841	COBRAProtein841	1	rxn00145_c0
g842	COBRAProtein842	2	rxn06936;rxn06433
g843	COBRAProtein843	1	rxn05294
g844	COBRAProtein844	1	rxn00029
g845	COBRAProtein845	1	rxn00692
g846	COBRAProtein846	2	rxn02475;rxn02474
g847	COBRAProtein847	1	rxn00048
g848	COBRAProtein848	1	rxn03080
g849	COBRAProtein849	1	rxn13784
g850	COBRAProtein850	1	rxn00001a
g851	COBRAProtein851	3	rxnPG7;rxnPG13;rxnPG1
g852	COBRAProtein852	1	rxn08766
g853	COBRAProtein853	1	rxn12825
g854	COBRAProtein854	1	rxn02465
g855	COBRAProtein855	1	rxn00858
g856	COBRAProtein856	1	rxn12192
g857	COBRAProtein857	1	rxn12192
g858	COBRAProtein858	2	rxn00720;rxn01028
g859	COBRAProtein859	2	rxn00720;rxn01028
g860	COBRAProtein860	1	rxn00763_c0
g861	COBRAProtein861	2	rxn00654;rxn03188
g862	COBRAProtein862	2	rxn01626;rxn02190
g863	COBRAProtein863	2	rxnBLTPcpd00092;rxnBLTPcpd00249
g864	COBRAProtein864	2	rxnBLTPcpd00092;rxnBLTPcpd00249
g865	COBRAProtein865	2	rxnBLTPcpd00092;rxnBLTPcpd00249
g866	COBRAProtein866	2	rxnBLTPcpd00092;rxnBLTPcpd00249
g867	COBRAProtein867	1	rxn00101
g868	COBRAProtein868	1	rxn00101
g869	COBRAProtein869	1	rxn00101
g870	COBRAProtein870	1	rxn00101
g871	COBRAProtein871	1	rxn00910
g872	COBRAProtein872	1	rxnDGTS2
g873	COBRAProtein873	1	rxnDGTS1
g874	COBRAProtein874	1	rxn00551_c0
g875	COBRAProtein875	1	rxnBIOMASS
g876	COBRAProtein876	1	rxn02011
g877	COBRAProtein877	1	rxn03164
g878	COBRAProtein878	1	rxn03904
g879	COBRAProtein879	1	rxn02008
g880	COBRAProtein880	1	rxnBIOMASS
g881	COBRAProtein881	1	rxn03408
g882	COBRAProtein882	1	rxn02286
g883	COBRAProtein883	1	rxn02285
g884	COBRAProtein884	1	rxn00851
g885	COBRAProtein885	1	rxnBIOMASS
g886	COBRAProtein886	1	rxnBIOMASS
g887	COBRAProtein887	1	rxnBIOMASS
g888	COBRAProtein888	1	rxn03146
g889	COBRAProtein889	1	rxn05294
g890	COBRAProtein890	1	rxn01791
g891	COBRAProtein891	1	rxn00912
g892	COBRAProtein892	2	rxn00743_c0;rxn03167
g893	COBRAProtein893	1	rxn10122
g894	COBRAProtein894	1	rxn10122
g895	COBRAProtein895	1	rxn10122
g896	COBRAProtein896	1	rxn10122
g897	COBRAProtein897	1	rxn10122
g898	COBRAProtein898	1	rxn10122
g899	COBRAProtein899	1	rxn10122
g900	COBRAProtein900	1	rxn10122
g901	COBRAProtein901	1	rxn10122
g902	COBRAProtein902	1	rxn10122
g903	COBRAProtein903	1	rxn10122
g904	COBRAProtein904	1	rxn10122
g905	COBRAProtein905	1	rxn10122
g906	COBRAProtein906	1	rxn10122
g907	COBRAProtein907	2	rxn00792;rxn06864
g908	COBRAProtein908	1	rxn01996
g909	COBRAProtein909	1	rxn06445
g910	COBRAProtein910	1	rxn00101
g911	COBRAProtein911	1	rxn00101
g912	COBRAProtein912	1	rxn00101
g913	COBRAProtein913	1	rxn01013_c0
g914	COBRAProtein914	4	rxn05179;rxn05161;rxnBLTPcpd00281;rxn05168
g915	COBRAProtein915	4	rxn05179;rxn05161;rxnBLTPcpd00281;rxn05168
g916	COBRAProtein916	4	rxn05179;rxn05161;rxnBLTPcpd00281;rxn05168
g917	COBRAProtein917	4	rxn05179;rxn05161;rxnBLTPcpd00281;rxn05168
g918	COBRAProtein918	4	rxn05179;rxn05161;rxnBLTPcpd00281;rxn05168
g919	COBRAProtein919	1	rxnNFBS14
g920	COBRAProtein920	1	rxn00858
g921	COBRAProtein921	2	rxn00527;rxn05036
g922	COBRAProtein922	1	rxn05126
g923	COBRAProtein923	1	rxn05124
g924	COBRAProtein924	1	rxn05123
g925	COBRAProtein925	1	rxn02302
g926	COBRAProtein926	1	rxn00058
g927	COBRAProtein927	1	rxn00058
g928	COBRAProtein928	1	rxn00058
g929	COBRAProtein929	1	rxn00058
g930	COBRAProtein930	1	rxn05549_c0
g931	COBRAProtein931	1	rxn05549_c0
g932	COBRAProtein932	1	rxn00762_c0
g933	COBRAProtein933	1	rxn00558_c0
g934	COBRAProtein934	1	rxn01101
g935	COBRAProtein935	1	rxn06600_c0
g936	COBRAProtein936	2	rxn06600_c0;rxn06493_c0
g937	COBRAProtein937	2	rxn06377_c0;rxn06493_c0
g938	COBRAProtein938	2	rxn01489;rxn05031
g939	COBRAProtein939	10	rxn01145;rxn00132;rxn01961;rxn01521_c0;rxn01507;rxn00363_c0;rxn00831;rxn01445;rxn00708_c0;rxn00913
g940	COBRAProtein940	2	rxn06446;rxn11747
g941	COBRAProtein941	1	rxn06432
g942	COBRAProtein942	1	rxn01352_c0
g943	COBRAProtein943	11	rxnCL1;rxnCL4;rxnCL7;rxnCL10;rxnCL2;rxnCL5;rxnCL8;rxnCL11;rxnCL3;rxnCL6;rxnCL9
g944	COBRAProtein944	1	rxn06449
g945	COBRAProtein945	1	rxn00256
g946	COBRAProtein946	1	rxn03159
g947	COBRAProtein947	1	rxn03130
g948	COBRAProtein948	1	rxn06729
g949	COBRAProtein949	25	rxnVLCFA12;rxnVLCFA40;rxn05329;rxnNFBS4;rxnVLCFA24;rxnUS11;rxn05333;rxn05332;rxnVLCFA36;rxnVLCFA8;rxnVLCFA48;rxnUS7;rxnVLCFA20;rxn05334;rxnVLCFA32;rxn05335;rxnVLCFA4;rxnVLCFA16;rxnVLCFA44;rxn05330;rxnUS3;rxnVLCFA28;rxnUS15;rxn05331;rxn05462
g950	COBRAProtein950	1	rxn06723
g951	COBRAProtein951	6	rxnPG36;rxnPG24;rxnPG16;rxnPG20;rxnPG10;rxnPG4
g952	COBRAProtein952	1	rxn09345
g953	COBRAProtein953	1	rxn12192
g954	COBRAProtein954	1	rxn00119
g955	COBRAProtein955	1	rxn12192
g956	COBRAProtein956	1	rxn12192
g957	COBRAProtein957	1	rxn11920
g958	COBRAProtein958	1	rxn00423
g959	COBRAProtein959	1	rxn00566_c0
g960	COBRAProtein960	17	rxn05165;rxn05179;rxn05146;rxn09046;rxnBLTPcpd00161;rxn08624;rxnBLTPcpd00066;rxn10170;rxn10883;rxnBLTPcpd00069;rxnBLTPcpd00084;rxn05164;rxnBLTPcpd01293;rxn05161;rxn10144;rxnBLTPcpd00186;rxn05168
g961	COBRAProtein961	17	rxn05165;rxn05179;rxn05146;rxn09046;rxnBLTPcpd00161;rxn08624;rxnBLTPcpd00066;rxn10170;rxn10883;rxnBLTPcpd00069;rxnBLTPcpd00084;rxn05164;rxnBLTPcpd01293;rxn05161;rxn10144;rxnBLTPcpd00186;rxn05168
g962	COBRAProtein962	17	rxn05165;rxn05179;rxn05146;rxn09046;rxnBLTPcpd00161;rxn08624;rxnBLTPcpd00066;rxn10170;rxn10883;rxnBLTPcpd00069;rxnBLTPcpd00084;rxn05164;rxnBLTPcpd01293;rxn05161;rxn10144;rxnBLTPcpd00186;rxn05168
g963	COBRAProtein963	17	rxn05165;rxn05179;rxn05146;rxn09046;rxnBLTPcpd00161;rxn08624;rxnBLTPcpd00066;rxn10170;rxn10883;rxnBLTPcpd00069;rxnBLTPcpd00084;rxn05164;rxnBLTPcpd01293;rxn05161;rxn10144;rxnBLTPcpd00186;rxn05168
g964	COBRAProtein964	1	rxn05937_c0
g965	COBRAProtein965	1	rxn00623
g966	COBRAProtein966	1	rxn01019
g967	COBRAProtein967	1	rxn01637
g968	COBRAProtein968	1	rxn05145
g969	COBRAProtein969	1	rxn05145
g970	COBRAProtein970	1	rxn05145
g971	COBRAProtein971	1	rxn05145
g972	COBRAProtein972	1	rxn05145
g973	COBRAProtein973	1	rxn05145
g974	COBRAProtein974	2	rxnPG23;rxnPG35
g975	COBRAProtein975	1	rxn00947
g976	COBRAProtein976	2	rxn01977;rxn02380
g977	COBRAProtein977	2	rxn00547b;rxn00547
g978	COBRAProtein978	1	rxn01362
g979	COBRAProtein979	1	rxn01465
g980	COBRAProtein980	1	rxn00547b
g981	COBRAProtein981	3	rxnBLTPcpd00082;rxnBLTPcpd00138;rxn05160
g982	COBRAProtein982	3	rxnBLTPcpd00082;rxnBLTPcpd00138;rxn05160
g983	COBRAProtein983	3	rxnBLTPcpd00082;rxnBLTPcpd00138;rxn05160
g984	COBRAProtein984	2	rxn09188;rxn00183
g985	COBRAProtein985	1	rxn05957
g986	COBRAProtein986	2	rxn00407_c0;rxn01672
g987	COBRAProtein987	1	rxnBLTPcpd00227
g988	COBRAProtein988	1	rxn05514
g989	COBRAProtein989	15	rxn02167;rxnFAD3;rxn03241;rxn02345_c0;rxnFAD15;rxn03247;rxnFAD27;rxnFAD7;rxn02911;rxnFAD19;rxn03250;rxn03240;rxnFAD11;rxn03245;rxnFAD23
g990	COBRAProtein990	7	rxnFAD16;rxnFAD20;rxnFAD12;rxn00676;rxnFAD24;rxnFAD8;rxnFAD4
g991	COBRAProtein991	7	rxnFAD13;rxnFAD9;rxn00872;rxnFAD5;rxnFAD21;rxnFAD1;rxnFAD17
g992	COBRAProtein992	1	rxn01360
g993	COBRAProtein993	1	rxn00469
g994	COBRAProtein994	2	rxn00527;rxn05036
g995	COBRAProtein995	1	rxn01117
g996	COBRAProtein996	1	rxn01265
g997	COBRAProtein997	1	rxn00461
g998	COBRAProtein998	2	rxn00863;rxn02159
g999	COBRAProtein999	1	rxn12192
g1000	COBRAProtein1000	1	rxnRHA2
g1001	COBRAProtein1001	1	rxn01053
g1002	COBRAProtein1002	1	rxnGFTP8
g1003	COBRAProtein1003	1	rxnGFTP8
g1004	COBRAProtein1004	1	rxn05294
g1005	COBRAProtein1005	1	rxn00784_c0
g1006	COBRAProtein1006	1	rxn00058
g1007	COBRAProtein1007	1	rxn00058
g1008	COBRAProtein1008	1	rxn00058
g1009	COBRAProtein1009	1	rxn00058
g1010	COBRAProtein1010	19	rxn12845_c0;rxn12637;rxn12642;rxn12645;rxn00650_c0;rxn12846_c0;rxn12634;rxn12643;rxn12847_c0;rxn12633;rxn12644;rxn12639;rxn12646;rxn12638;rxn12640;rxn12635;rxn12844_c0;rxn12641;rxn12636
g1011	COBRAProtein1011	1	rxn00131
g1012	COBRAProtein1012	3	rxn02320;rxn00493;rxn00527
g1013	COBRAProtein1013	1	rxn01644
g1014	COBRAProtein1014	1	rxn12192
g1015	COBRAProtein1015	1	rxn13784
g1016	COBRAProtein1016	1	rxnBLTPcpd01092
g1017	COBRAProtein1017	1	rxnBLTPcpd01092
g1018	COBRAProtein1018	1	rxnBLTPcpd01092
g1019	COBRAProtein1019	1	rxnBLTPcpd01092
g1020	COBRAProtein1020	1	rxn00717_c0
g1021	COBRAProtein1021	1	rxn12192
g1022	COBRAProtein1022	1	rxn00337
g1023	COBRAProtein1023	2	rxn11946;rxn03395
g1024	COBRAProtein1024	1	rxn01636
g1025	COBRAProtein1025	1	rxn05549_c0
g1026	COBRAProtein1026	1	rxn00288
g1027	COBRAProtein1027	1	rxn00288
g1028	COBRAProtein1028	1	rxn00288
g1029	COBRAProtein1029	1	rxn00288
g1030	COBRAProtein1030	1	rxn00248
g1031	COBRAProtein1031	1	rxn00285
g1032	COBRAProtein1032	1	rxn00285
g1033	COBRAProtein1033	2	rxn02376;rxn00441
g1034	COBRAProtein1034	1	rxn01872
g1035	COBRAProtein1035	1	rxn01241b
g1036	COBRAProtein1036	2	rxnPG23;rxnPG35
g1037	COBRAProtein1037	1	rxn01333
g1038	COBRAProtein1038	1	rxn05294
g1039	COBRAProtein1039	1	rxn10042
g1040	COBRAProtein1040	1	rxn10042
g1041	COBRAProtein1041	1	rxn10042
g1042	COBRAProtein1042	1	rxn10042
g1043	COBRAProtein1043	1	rxn10042
g1044	COBRAProtein1044	1	rxn05149
g1045	COBRAProtein1045	1	rxn05149
g1046	COBRAProtein1046	1	rxn05149
g1047	COBRAProtein1047	1	rxn05149
g1048	COBRAProtein1048	3	rxnBLTPcpd00300;rxn05202;rxnBLTPcpd01217
g1049	COBRAProtein1049	3	rxnBLTPcpd00300;rxn05202;rxnBLTPcpd01217
g1050	COBRAProtein1050	2	rxn05158_c0;rxnBLTPcpd00100
g1051	COBRAProtein1051	1	rxnBLTPcpd00100
g1052	COBRAProtein1052	2	rxn05158_c0;rxnBLTPcpd00100
g1053	COBRAProtein1053	2	rxn05158_c0;rxnBLTPcpd00100
g1054	COBRAProtein1054	2	rxn05158_c0;rxnBLTPcpd00100
g1055	COBRAProtein1055	2	rxn05158_c0;rxnBLTPcpd00100
g1056	COBRAProtein1056	1	rxn00616_c0
g1057	COBRAProtein1057	1	rxn00371
g1058	COBRAProtein1058	1	rxn00371
g1059	COBRAProtein1059	1	rxn06435
g1060	COBRAProtein1060	1	rxn00247
g1061	COBRAProtein1061	1	rxn12510
g1062	COBRAProtein1062	1	rxn02834
g1063	COBRAProtein1063	1	rxn03135
g1064	COBRAProtein1064	1	rxn03175
g1065	COBRAProtein1065	1	rxn03135
g1066	COBRAProtein1066	1	rxn02473
g1067	COBRAProtein1067	1	rxn00330
g1068	COBRAProtein1068	1	rxn02302
g1069	COBRAProtein1069	1	rxn02402
g1070	COBRAProtein1070	1	rxn00338
g1071	COBRAProtein1071	1	rxn02988
g1072	COBRAProtein1072	4	rxn01211;rxn00907;rxn01211b;rxn00907b
g1073	COBRAProtein1073	1	rxnGFC1b
g1074	COBRAProtein1074	1	rxnGFC1b
g1075	COBRAProtein1075	1	rxnGFC1b
g1076	COBRAProtein1076	1	rxnGFC1b
g1077	COBRAProtein1077	1	rxnGFC1a
g1078	COBRAProtein1078	1	rxnGFC1a
g1079	COBRAProtein1079	1	rxnGFC1a
g1080	COBRAProtein1080	1	rxn01159
g1081	COBRAProtein1081	1	rxnBLTPcpd00187
g1082	COBRAProtein1082	1	rxn01008
g1083	COBRAProtein1083	1	rxn00211
g1084	COBRAProtein1084	1	rxn12192
g1085	COBRAProtein1085	1	rxn12192
g1086	COBRAProtein1086	31	rxnPG39;rxnPC5;rxnSL20;rxnPC11;rxnPG34;rxnPG28;rxnPG40;rxnMMPE4;rxnSL21;rxnPE10;rxnPC6;rxnPE5;rxnPE11;rxnSL11;rxnSL17;rxnMMPE5;rxnMMPE7;rxnPE6;rxnOL10;rxnSL12;rxnPC7;rxnPC10;rxnOL5;rxnPE7;rxnPG27;rxnOL11;rxnMMPE3;rxnSL13;rxnMMPE8;rxnOL6;rxnOL12
g1087	COBRAProtein1087	1	rxn00931
g1088	COBRAProtein1088	1	rxn00770
g1089	COBRAProtein1089	1	rxn12192
g1090	COBRAProtein1090	1	rxn00139
g1091	COBRAProtein1091	1	rxn13784
g1092	COBRAProtein1092	1	rxn00902
g1093	COBRAProtein1093	1	rxn08946
g1094	COBRAProtein1094	1	rxn00726
g1095	COBRAProtein1095	1	rxn00690
g1096	COBRAProtein1096	2	rxn01143_c0;rxn01518_c0
g1097	COBRAProtein1097	1	rxn08212
g1098	COBRAProtein1098	1	rxn08212
g1099	COBRAProtein1099	1	rxn08212
g1100	COBRAProtein1100	1	rxn00141
g1101	COBRAProtein1101	1	rxn05289
g1102	COBRAProtein1102	1	rxn01603
g1103	COBRAProtein1103	1	rxn06673
g1104	COBRAProtein1104	1	rxn01964
g1105	COBRAProtein1105	1	rxn01964
g1106	COBRAProtein1106	1	rxn02508
g1107	COBRAProtein1107	1	rxnPHBDP
g1108	COBRAProtein1108	1	rxnBLTPcpd00020
g1109	COBRAProtein1109	1	rxnBLTPcpd00020
g1110	COBRAProtein1110	1	rxnBLTPcpd00020
g1111	COBRAProtein1111	1	rxn00509
g1112	COBRAProtein1112	1	rxn05294
g1113	COBRAProtein1113	1	rxn05294
g1114	COBRAProtein1114	1	rxn00100
g1115	COBRAProtein1115	1	rxn01740
g1116	COBRAProtein1116	1	rxnBIOMASS
g1117	COBRAProtein1117	1	rxn02288
g1118	COBRAProtein1118	1	rxn13784
g1119	COBRAProtein1119	1	rxn05294
g1120	COBRAProtein1120	1	rxn05294
g1121	COBRAProtein1121	1	rxn05294
g1122	COBRAProtein1122	1	rxn06441
g1123	COBRAProtein1123	19	rxn12845_c0;rxn12637;rxn12642;rxn12645;rxn00650_c0;rxn12846_c0;rxn12634;rxn12643;rxn12847_c0;rxn12633;rxn12644;rxn12639;rxn12646;rxn12638;rxn12640;rxn12635;rxn12844_c0;rxn12641;rxn12636
g1124	COBRAProtein1124	1	rxn01101
g1125	COBRAProtein1125	1	rxn00748_c0
g1126	COBRAProtein1126	1	rxn00216
g1127	COBRAProtein1127	1	rxn02929
g1128	COBRAProtein1128	1	rxn01106
g1129	COBRAProtein1129	1	rxn01013_c0
g1130	COBRAProtein1130	1	rxn05294
g1131	COBRAProtein1131	1	rxn05294
g1132	COBRAProtein1132	2	rxn11268_c0;rxn05312
g1133	COBRAProtein1133	1	rxn05312
g1134	COBRAProtein1134	2	rxnBLTPcpd00276;rxnBLTPcpd00122
g1135	COBRAProtein1135	2	rxnBLTPcpd00276;rxnBLTPcpd00122
g1136	COBRAProtein1136	2	rxnBLTPcpd00276;rxnBLTPcpd00122
g1137	COBRAProtein1137	2	rxnBLTPcpd00276;rxnBLTPcpd00122
g1138	COBRAProtein1138	2	rxn00892;rxn01439
g1139	COBRAProtein1139	1	rxn00552
g1140	COBRAProtein1140	1	rxn01484
g1141	COBRAProtein1141	1	rxn06077_c0
g1142	COBRAProtein1142	3	rxn00806;rxn01575;rxn00903
g1143	COBRAProtein1143	1	rxn02405
g1144	COBRAProtein1144	1	rxn01000
g1145	COBRAProtein1145	1	rxn05294
g1146	COBRAProtein1146	1	rxn13784
g1147	COBRAProtein1147	1	rxn12192
g1148	COBRAProtein1148	3	rxn00322;rxn00470;rxn00405
g1149	COBRAProtein1149	1	rxnGFTP8
g1150	COBRAProtein1150	1	rxnGFTP8
g1151	COBRAProtein1151	2	rxnRHA1;rxnGFTP8
g1152	COBRAProtein1152	2	rxn01211;rxn00907
g1153	COBRAProtein1153	6	rxnBLTPcpd20885;rxnBLTPcpd00158;rxn05170;rxnBLTPcpd00076;rxn08875;rxn10839
g1154	COBRAProtein1154	6	rxnBLTPcpd20885;rxnBLTPcpd00158;rxn05170;rxnBLTPcpd00076;rxn08875;rxn10839
g1155	COBRAProtein1155	6	rxnBLTPcpd20885;rxnBLTPcpd00158;rxn05170;rxnBLTPcpd00076;rxn08875;rxn10839
g1156	COBRAProtein1156	4	rxn00022m2;rxn00022t;rxn00022m;rxn00022s
g1157	COBRAProtein1157	6	rxnBLTPcpd20885;rxnBLTPcpd00158;rxn05170;rxnBLTPcpd00076;rxn08875;rxn10839
g1158	COBRAProtein1158	1	rxn01477
g1159	COBRAProtein1159	1	rxn01476
g1160	COBRAProtein1160	1	rxn00604
g1161	COBRAProtein1161	1	rxn00371
g1162	COBRAProtein1162	1	rxn00371
g1163	COBRAProtein1163	1	rxn00394
g1164	COBRAProtein1164	1	rxn00599
g1165	COBRAProtein1165	1	rxn03958
g1166	COBRAProtein1166	2	rxn00743_c0;rxn03167
g1167	COBRAProtein1167	1	rxn00975
g1168	COBRAProtein1168	1	rxn00559
g1169	COBRAProtein1169	1	rxn00693
g1170	COBRAProtein1170	2	rxnBLTPcpd00797;rxnBLTPcpd00142
g1171	COBRAProtein1171	2	rxnBLTPcpd00797;rxnBLTPcpd00142
g1172	COBRAProtein1172	2	rxnBLTPcpd00797;rxnBLTPcpd00142
g1173	COBRAProtein1173	2	rxnBLTPcpd00797;rxnBLTPcpd00142
g1174	COBRAProtein1174	2	rxnBLTPcpd00797;rxnBLTPcpd00142
g1175	COBRAProtein1175	1	rxn03884
g1176	COBRAProtein1176	2	rxn05613_c0;rxn05219_c0
g1177	COBRAProtein1177	2	rxn05613_c0;rxn05219_c0
g1178	COBRAProtein1178	2	rxn05613_c0;rxn05219_c0
g1179	COBRAProtein1179	5	rxn00020g_c0;rxn00020mg_c0;rxn00020c_c0;rxn00020s_c0;rxn00020a_c0
g1180	COBRAProtein1180	1	rxn01044
g1181	COBRAProtein1181	1	rxn01199
g1182	COBRAProtein1182	2	rxn06937;rxn06436
g1183	COBRAProtein1183	1	rxn06442
g1184	COBRAProtein1184	4	rxn01299_c0;rxn01545;rxn00927;rxn01226
g1185	COBRAProtein1185	1	rxn03514
g1186	COBRAProtein1186	1	rxn03491
g1187	COBRAProtein1187	1	rxn03492
g1188	COBRAProtein1188	1	rxn03513
g1189	COBRAProtein1189	1	rxn02775
g1190	COBRAProtein1190	1	rxn03512
g1191	COBRAProtein1191	1	rxn11545
g1192	COBRAProtein1192	1	rxn03534
g1193	COBRAProtein1193	1	rxn05619
g1194	COBRAProtein1194	1	rxn05619
g1195	COBRAProtein1195	1	rxn05619
g1196	COBRAProtein1196	1	rxn08291_c0
g1197	COBRAProtein1197	6	rxn07433;rxn07435;rxn07432;rxn07434;rxn07431;rxn07430
g1198	COBRAProtein1198	6	rxn07433;rxn07435;rxn07432;rxn07434;rxn07431;rxn07430
g1199	COBRAProtein1199	3	rxn06586;rxn06335;rxn01925
g1200	COBRAProtein1200	1	rxn01241c
g1201	COBRAProtein1201	1	rxn02276
g1202	COBRAProtein1202	1	rxn00993
g1203	COBRAProtein1203	1	rxn01825
g1204	COBRAProtein1204	1	rxn01827
g1205	COBRAProtein1205	1	rxn00612
g1206	COBRAProtein1206	1	rxn00060
g1207	COBRAProtein1207	1	rxn02264
g1208	COBRAProtein1208	1	rxn00001
g1209	COBRAProtein1209	1	rxn03167
g1210	COBRAProtein1210	1	rxn00179
g1211	COBRAProtein1211	1	rxn08291_c0
g1212	COBRAProtein1212	1	rxn12192
g1213	COBRAProtein1213	1	rxn12192
g1214	COBRAProtein1214	1	rxn12192
g1215	COBRAProtein1215	1	rxn00179
g1216	COBRAProtein1216	1	rxn02373
g1217	COBRAProtein1217	1	rxn02155
g1218	COBRAProtein1218	1	rxn00265_c0
g1219	COBRAProtein1219	2	rxn02811;rxn02789
g1220	COBRAProtein1220	1	rxn01304
g1221	COBRAProtein1221	1	rxn12224
g1222	COBRAProtein1222	1	rxn05466
g1223	COBRAProtein1223	1	rxn05549_c0
g1224	COBRAProtein1224	2	rxn02811;rxn02789
g1225	COBRAProtein1225	1	rxn01434
g1226	COBRAProtein1226	2	rxn00974;rxn01388
g1227	COBRAProtein1227	1	rxn00058
g1228	COBRAProtein1228	1	rxn00058
g1229	COBRAProtein1229	1	rxn00058
g1230	COBRAProtein1230	1	rxn00058
g1231	COBRAProtein1231	1	rxn00058
g1232	COBRAProtein1232	1	rxn01974
g1233	COBRAProtein1233	1	rxn01256
g1234	COBRAProtein1234	1	rxn12192
g1235	COBRAProtein1235	1	rxn12192
g1236	COBRAProtein1236	1	rxn12192
g1237	COBRAProtein1237	1	rxn12192
g1238	COBRAProtein1238	1	rxn00440_c0
g1239	COBRAProtein1239	1	rxn05177_c0
g1240	COBRAProtein1240	1	rxn05177_c0
g1241	COBRAProtein1241	1	rxn05177_c0
g1242	COBRAProtein1242	1	rxn01453
g1243	COBRAProtein1243	1	rxn00178
g1244	COBRAProtein1244	1	rxn12192
g1245	COBRAProtein1245	2	rxn01213;rxn01466
g1246	COBRAProtein1246	3	rxn02320;rxn00493;rxn00527
g1247	COBRAProtein1247	1	rxn05293
g1248	COBRAProtein1248	1	rxn00250
g1249	COBRAProtein1249	1	rxn08615
g1250	COBRAProtein1250	1	rxn00695
g1251	COBRAProtein1251	1	rxn08615
g1252	COBRAProtein1252	1	rxn00704
g1253	COBRAProtein1253	1	rxn12192
g1254	COBRAProtein1254	1	rxn00083
g1255	COBRAProtein1255	1	rxn00083
g1256	COBRAProtein1256	1	rxn00083
g1257	COBRAProtein1257	1	rxn04027
g1258	COBRAProtein1258	8	rxnSL8;rxnSL6;rxnSL24;rxnSL4;rxnSL10;rxnSL16;rxnSL19;rxnSL2
g1259	COBRAProtein1259	2	rxn00785;rxn01200
g1260	COBRAProtein1260	1	rxn00781
g1261	COBRAProtein1261	1	rxn01100
g1262	COBRAProtein1262	1	rxn00786
g1263	COBRAProtein1263	1	rxn12192
g1264	COBRAProtein1264	1	rxn00881_c0
g1265	COBRAProtein1265	1	rxn00438
g1266	COBRAProtein1266	1	rxn02305
g1267	COBRAProtein1267	1	rxn05229
g1268	COBRAProtein1268	1	rxn05229
g1269	COBRAProtein1269	1	rxn12192
g1270	COBRAProtein1270	1	rxn00148
g1271	COBRAProtein1271	1	rxn01257b
g1272	COBRAProtein1272	1	rxn03841
g1273	COBRAProtein1273	10	rxn01145;rxn00132;rxn01961;rxn01521_c0;rxn01507;rxn00363_c0;rxn00831;rxn01445;rxn00708_c0;rxn00913
g1274	COBRAProtein1274	1	rxn00224
g1275	COBRAProtein1275	1	rxn00213
g1276	COBRAProtein1276	1	rxn00085
g1277	COBRAProtein1277	1	rxn00085
g1278	COBRAProtein1278	1	rxn00541_c0
g1279	COBRAProtein1279	1	rxn02160
g1280	COBRAProtein1280	2	rxn03437;rxn00898
g1281	COBRAProtein1281	1	rxn00383
g1282	COBRAProtein1282	8	rxnSL8;rxnSL6;rxnSL24;rxnSL4;rxnSL10;rxnSL16;rxnSL19;rxnSL2
g1283	COBRAProtein1283	1	rxn00102
g1284	COBRAProtein1284	1	rxn01396_c0
g1285	COBRAProtein1285	1	rxn00182
g1286	COBRAProtein1286	2	rxn03137;rxn00832
g1287	COBRAProtein1287	3	rxn00176;rxn00175;rxn00226
g1288	COBRAProtein1288	1	rxn00669_c0
g1289	COBRAProtein1289	2	rxn01986_c0;rxn00778
g1290	COBRAProtein1290	2	rxn01858;rxn01137_c0
g1291	COBRAProtein1291	1	rxn00711
g1292	COBRAProtein1292	1	rxn01146
g1293	COBRAProtein1293	8	rxn01985;rxn01548;rxn01859;rxn01138;rxn01649;rxn01799_c0;rxn01358;rxn01446
g1294	COBRAProtein1294	2	rxn01987_c0;rxn01368_c0
g1295	COBRAProtein1295	5	rxnBLTPcpd00246;rxnBLTPcpd00207;rxnBLTPcpd00182;rxnBLTPcpd00128;rxnBLTPcpd00311
g1296	COBRAProtein1296	5	rxnBLTPcpd00246;rxnBLTPcpd00207;rxnBLTPcpd00182;rxnBLTPcpd00128;rxnBLTPcpd00311
g1297	COBRAProtein1297	5	rxnBLTPcpd00246;rxnBLTPcpd00207;rxnBLTPcpd00182;rxnBLTPcpd00128;rxnBLTPcpd00311
g1298	COBRAProtein1298	2	rxn01187_c0;rxn00548_c0
g1299	COBRAProtein1299	1	rxn01818
g1300	COBRAProtein1300	1	rxn05623
g1301	COBRAProtein1301	1	rxnGFC1c
g1302	COBRAProtein1302	1	rxnGFC1c
g1303	COBRAProtein1303	1	rxnGFC1c
g1304	COBRAProtein1304	1	rxnGFC1c
g1305	COBRAProtein1305	1	rxn00691
g1306	COBRAProtein1306	2	rxn05517_c0;rxn05315_c0
g1307	COBRAProtein1307	8	rxnSL23;rxnSL3;rxnSL9;rxnSL15;rxnSL18;rxnSL1;rxnSL7;rxnSL5
g1308	COBRAProtein1308	1	rxn02897
g1309	COBRAProtein1309	1	rxn03538
g1310	COBRAProtein1310	1	rxn05150
g1311	COBRAProtein1311	1	rxn05150
g1312	COBRAProtein1312	1	rxn05150
g1313	COBRAProtein1313	1	rxn00020m_c0
g1314	COBRAProtein1314	6	rxnBLTPcpd00158;rxnBLTPcpd01030;rxnBLTPcpdMANB;rxnBLTPcpd11603;rxnBLTPcpd05158;rxnBLTPcpd03696
g1315	COBRAProtein1315	6	rxnBLTPcpd00158;rxnBLTPcpd01030;rxnBLTPcpdMANB;rxnBLTPcpd11603;rxnBLTPcpd05158;rxnBLTPcpd03696
g1316	COBRAProtein1316	6	rxnBLTPcpd00158;rxnBLTPcpd01030;rxnBLTPcpdMANB;rxnBLTPcpd11603;rxnBLTPcpd05158;rxnBLTPcpd03696
g1317	COBRAProtein1317	6	rxnBLTPcpd00158;rxnBLTPcpd01030;rxnBLTPcpdMANB;rxnBLTPcpd11603;rxnBLTPcpd05158;rxnBLTPcpd03696
g1318	COBRAProtein1318	1	rxn01115
g1319	COBRAProtein1319	2	rxnBLTPcpd00117;rxn10537_c0
g1320	COBRAProtein1320	1	rxnVLCFA52
g1321	COBRAProtein1321	14	rxnVLCFA23;rxnVLCFA51;rxnVLCFA3;rxnVLCFA15;rxnVLCFA43;rxnVLCFA27;rxnVLCFA39;rxnVLCFA7;rxnVLCFA35;rxnVLCFA19;rxnVLCFA47;rxn00763_c0;rxnVLCFA31;rxnVLCFA11
g1322	COBRAProtein1322	13	rxnVLCFA26;rxnVLCFA6;rxnVLCFA34;rxnVLCFA18;rxnVLCFA46;rxnVLCFA30;rxnVLCFA10;rxnVLCFA38;rxnVLCFA42;rxnVLCFA22;rxnVLCFA50;rxnVLCFA2;rxnVLCFA14
g1323	COBRAProtein1323	13	rxnVLCFA26;rxnVLCFA6;rxnVLCFA34;rxnVLCFA18;rxnVLCFA46;rxnVLCFA30;rxnVLCFA10;rxnVLCFA38;rxnVLCFA42;rxnVLCFA22;rxnVLCFA50;rxnVLCFA2;rxnVLCFA14
g1324	COBRAProtein1324	12	rxnVLCFA48;rxnVLCFA32;rxnVLCFA12;rxnVLCFA36;rxnVLCFA40;rxnVLCFA24;rxnVLCFA4;rxnVLCFA16;rxnVLCFA44;rxnVLCFA28;rxnVLCFA8;rxnVLCFA20
g1325	COBRAProtein1325	1	rxnVLCFA1
g1326	COBRAProtein1326	1	rxn04384
g1327	COBRAProtein1327	1	rxn04385
g1328	COBRAProtein1328	1	rxn11544
g1329	COBRAProtein1329	1	rxn02287
g1330	COBRAProtein1330	1	rxn00374
g1331	COBRAProtein1331	1	rxn03535
g1332	COBRAProtein1332	1	rxn10476
g1333	COBRAProtein1333	1	rxn10476
g1334	COBRAProtein1334	1	rxn03537
g1335	COBRAProtein1335	1	rxn03540
g1336	COBRAProtein1336	2	rxn00527;rxn05036
g1337	COBRAProtein1337	4	rxn03068;rxn03436;rxn02187;rxn03435
g1338	COBRAProtein1338	2	rxn00527;rxn05036
g1339	COBRAProtein1339	3	rxn02925b_c0;rxn01204b;rxn00656_c0
g1340	COBRAProtein1340	1	rxn01011
g1341	COBRAProtein1341	1	rxn02168_c0
g1342	COBRAProtein1342	1	rxn03062
g1343	COBRAProtein1343	6	rxnPG18;rxnPG38;rxnPG22;rxnPG26;rxnPG6;rxnPG12
g1344	COBRAProtein1344	1	rxn01643
g1345	COBRAProtein1345	1	rxn12192
g1346	COBRAProtein1346	1	rxn00371
g1347	COBRAProtein1347	1	rxn08975_c0
g1348	COBRAProtein1348	1	rxnBIOMASS
g1349	COBRAProtein1349	1	rxn05740_c0
g1350	COBRAProtein1350	1	rxn01101
g1351	COBRAProtein1351	1	rxn00377
